site,title,snapshot_tstamp,market_tag,site_url
Wall Street Journal,Protesters Retreat From U.S. Embassy Site in Iraq,20200101195529,market close,http://web.archive.org/web/20200101195529/https://www.wsj.com/
Wall Street Journal,"Drug Prices Climb by 5.8% on Average, Less Than Last Year",20200102200931,market close,http://web.archive.org/web/20200102200931/https://www.wsj.com/
Wall Street Journal,Tensions Rise in the Middle East After U.S. Killing of Iranian Military Leader,20200103185247,market close,http://web.archive.org/web/20200103185247/https://www.wsj.com/
Wall Street Journal,Thousands March in Iraq for Iranian Commander Killed in U.S. Airstrike,20200104200913,market close,http://web.archive.org/web/20200104200913/https://www.wsj.com/
Wall Street Journal,Iraqi Parliament Votes to Expel U.S. Troops as Iran Mourns Slain General,20200105194954,market close,http://web.archive.org/web/20200105194954/https://www.wsj.com/
Wall Street Journal,Iranians Rally as Calls for Revenge on U.S. Deepen,20200106200019,market close,http://web.archive.org/web/20200106200019/https://www.wsj.com/
Wall Street Journal,Iran Threatens Retaliatory Attack; General’s Burial Delayed After Stampede,20200107203025,market close,http://web.archive.org/web/20200107203025/https://www.wsj.com/
Wall Street Journal,Trump Doesn’t Signal Further Military Strikes After Iran’s Attack,20200108194342,market close,http://web.archive.org/web/20200108194342/https://www.wsj.com/
Wall Street Journal,U.S. Believes Ukraine Jet Was Shot Down by Iran,20200109200255,market close,http://web.archive.org/web/20200109200255/https://www.wsj.com/
Wall Street Journal,December Job Gains Cap a Decade of Rising Payrolls,20200110190712,market close,http://web.archive.org/web/20200110190712/https://www.wsj.com/
Wall Street Journal,Snapshot missing (something happened),20200111200000,market close,N/A
Wall Street Journal,"Iran Faces Growing Criticism at Home, Abroad Over Downing of Plane",20200112212546,market close,http://web.archive.org/web/20200112212546/https://www.wsj.com/
Wall Street Journal,"Iran, Grappling With Unrest Over Crash, Warns Protesters",20200113190258,market close,http://web.archive.org/web/20200113190258/https://www.wsj.com/
Wall Street Journal,Snapshot missing (something happened),20200115200000,market close,N/A
Wall Street Journal,"Trump Hold on Aid to Ukraine Violated Law, GAO Finds",20200116201906,market close,http://web.archive.org/web/20200116201906/https://www.wsj.com/
Wall Street Journal,"Trump to Add Starr, Dershowitz to Team for Senate Trial",20200117202311,market close,http://web.archive.org/web/20200117202311/https://www.wsj.com/
Wall Street Journal,CDC Removes Advice to Refrain From Vaping,20200118195900,market close,http://web.archive.org/web/20200118195900/https://www.wsj.com/
Wall Street Journal,How Trump Has Kept Solid GOP Support Through Impeachment,20200119192808,market close,http://web.archive.org/web/20200119192808/https://www.wsj.com/
Wall Street Journal,White House Calls Impeachment Charges Frivolous in Legal Brief,20200120200555,market close,http://web.archive.org/web/20200120200555/https://www.wsj.com/
Wall Street Journal,Impeachment Trial Begins With Debate Over Rules,20200121201245,market close,http://web.archive.org/web/20200121201245/https://www.wsj.com/
Wall Street Journal,Snapshot missing (something happened),20200122200000,market close,N/A
Wall Street Journal,Senators Dig In as Democrats Outline Impeachment Case,20200123195237,market close,http://web.archive.org/web/20200123195237/https://www.wsj.com/
Wall Street Journal,Democrats Argue Trump Impeded Impeachment Probe,20200124194337,market close,http://web.archive.org/web/20200124194337/https://www.wsj.com/
Wall Street Journal,Trump’s Defense Team Addresses Democrats’ Charges,20200125192426,market close,http://web.archive.org/web/20200125192426/https://www.wsj.com/
Wall Street Journal,Three More Cases of Coronavirus Confirmed in U.S.,20200126213709,market close,http://web.archive.org/web/20200126213709/https://www.wsj.com/
Wall Street Journal,Bolton’s Ukraine Claim Shifts Some Senators Toward Calling Witnesses,20200127201246,market close,http://web.archive.org/web/20200127201246/https://www.wsj.com/
Wall Street Journal,"Trump’s Peace Plan Charts Two-State Course for Israelis, Palestinians",20200128200117,market close,http://web.archive.org/web/20200128200117/https://www.wsj.com/
Wall Street Journal,Impeachment Trial Enters New Phase With Senate Q&A,20200129192710,market close,http://web.archive.org/web/20200129192710/https://www.wsj.com/
Wall Street Journal,Senators Begin Final Bid to Sway Vote on Trial Witnesses,20200130193648,market close,http://web.archive.org/web/20200130193648/https://www.wsj.com/
Wall Street Journal,Murkowski to Vote No on Witnesses at Impeachment Trial,20200131192857,market close,http://web.archive.org/web/20200131192857/https://www.wsj.com/
Wall Street Journal,Snapshot missing (something happened),20200201200000,market close,N/A
Wall Street Journal,Coronavirus Kills Its First Victim Outside China as Toll Grows,20200202200432,market close,http://web.archive.org/web/20200202200432/https://www.wsj.com/
Wall Street Journal,"Democrats, Trump Team Make Final Arguments of Trial",20200203202342,market close,http://web.archive.org/web/20200203202342/https://www.wsj.com/
Wall Street Journal,Most Iowa Results to Come Today After App Debacle,20200204195927,market close,http://web.archive.org/web/20200204195927/https://www.wsj.com/
Wall Street Journal,Romney Will Vote to Convict Trump Ahead of Expected Acquittal,20200205192949,market close,http://web.archive.org/web/20200205192949/https://www.wsj.com/
Wall Street Journal,Elliott Builds Stake of More Than $2.5 Billion in SoftBank,20200206200721,market close,http://web.archive.org/web/20200206200721/https://www.wsj.com/
Wall Street Journal,Hiring Strengthens as More Americans Look for Work,20200207202321,market close,http://web.archive.org/web/20200207202321/https://www.wsj.com/
Wall Street Journal,American Citizen With Coronavirus Dies in China,20200208212901,market close,http://web.archive.org/web/20200208212901/https://www.wsj.com/
Wall Street Journal,Trump to Propose $4.8 Trillion Budget With Big Safety-Net Cuts,20200209200922,market close,http://web.archive.org/web/20200209200922/https://www.wsj.com/
Wall Street Journal,Members of China’s Military Indicted Over Equifax Breach,20200210194616,market close,http://web.archive.org/web/20200210194616/https://www.wsj.com/
Wall Street Journal,U.S. Officials Say Huawei Can Covertly Access Networks,20200211204507,market close,http://web.archive.org/web/20200211204507/https://www.wsj.com/
Wall Street Journal,Candidates Set for Long Haul Following New Hampshire,20200212203352,market close,http://web.archive.org/web/20200212203352/https://www.wsj.com/
Wall Street Journal,U.S. Charges Chinese Tech Giant Huawei With Racketeering,20200213200621,market close,http://web.archive.org/web/20200213200621/https://www.wsj.com/
Wall Street Journal,States Reject Drug Distributors’ Offer to Settle Opioid Cases,20200214194605,market close,http://web.archive.org/web/20200214194605/https://www.wsj.com/
Wall Street Journal,Trump Administration Considers Halting GE Venture’s Engine Deliveries to China,20200215200936,market close,http://web.archive.org/web/20200215200936/https://www.wsj.com/
Wall Street Journal,U.S. Passengers Depart Cruise Ship Quarantined Over Coronavirus,20200216201139,market close,http://web.archive.org/web/20200216201139/https://www.wsj.com/
Wall Street Journal,U.S. Weighs New Move to Limit China’s Access to Chip Technology,20200217203001,market close,http://web.archive.org/web/20200217203001/https://www.wsj.com/
Wall Street Journal,Trump Commutes Blagojevich Sentence and Pardons Milken,20200218194604,market close,http://web.archive.org/web/20200218194604/https://www.wsj.com/
Wall Street Journal,China Struggles to Give Care to Patients Without Coronavirus,20200219195340,market close,http://web.archive.org/web/20200219195340/https://www.wsj.com/
Wall Street Journal,Morgan Stanley to Buy E*Trade in Bid for Small Investors,20200220202708,market close,http://web.archive.org/web/20200220202708/https://www.wsj.com/
Wall Street Journal,"Stocks, Bond Yields Drop on Worries About Coronavirus",20200221200455,market close,http://web.archive.org/web/20200221200455/https://www.wsj.com/
Wall Street Journal,Rivals Hope to Slow Sanders’s Rise in Nevada Caucuses,20200222195253,market close,http://web.archive.org/web/20200222195253/https://www.wsj.com/
Wall Street Journal,Sanders Becomes Clear Front-Runner After Nevada,20200223200009,market close,http://web.archive.org/web/20200223200009/https://www.wsj.com/
Wall Street Journal,Stocks Slide as Virus Cases Spread,20200224195616,market close,http://web.archive.org/web/20200224195616/https://www.wsj.com/
Wall Street Journal,"Stocks Slide, Treasury Yield Hits Low",20200225201648,market close,http://web.archive.org/web/20200225201648/https://www.wsj.com/
Wall Street Journal,"As Economy Suffers, China’s Xi Pressured to Ease Restrictions",20200226194818,market close,http://web.archive.org/web/20200226194818/https://www.wsj.com/
Wall Street Journal,"Stocks Fall, Nearing a Correction, as Virus Fears Show No Sign of Easing",20200227194735,market close,http://web.archive.org/web/20200227194735/https://www.wsj.com/
Wall Street Journal,Stocks on Track for Biggest Weekly Losses Since 2008,20200228195813,market close,http://web.archive.org/web/20200228195813/https://www.wsj.com/
Wall Street Journal,Snapshot missing (something happened),20200229200000,market close,N/A
Wall Street Journal,Biden Gets New Jolt From South Carolina Victory,20200301184201,market close,http://web.archive.org/web/20200301184201/https://www.wsj.com/
Wall Street Journal,Stocks Rally on Hopes for Stimulus Amid Virus Fears,20200302200814,market close,http://web.archive.org/web/20200302200814/https://www.wsj.com/
Wall Street Journal,Snapshot missing (something happened),20200303200000,market close,N/A
Wall Street Journal,"Stocks Jump After Biden Wins, Fed Cut",20200304190209,market close,http://web.archive.org/web/20200304190209/https://www.wsj.com/
Wall Street Journal,Stocks Drop as Virus Anxiety Returns,20200305195156,market close,http://web.archive.org/web/20200305195156/https://www.wsj.com/
Wall Street Journal,Bonds Rally as Investors Dump Stocks,20200306195615,market close,http://web.archive.org/web/20200306195615/https://www.wsj.com/
Wall Street Journal,Virus Cases Jump in New York as Spread Escalates,20200307200555,market close,http://web.archive.org/web/20200307200555/https://www.wsj.com/
Wall Street Journal,Snapshot missing (something happened),20200308200000,market close,N/A
Wall Street Journal,Free Fall in Oil Sends Shudders Through Markets,20200309200400,market close,http://web.archive.org/web/20200309200400/https://www.wsj.com/
Wall Street Journal,Stocks Soar in Turbulent Trading,20200310201457,market close,http://web.archive.org/web/20200310201457/https://www.wsj.com/
Wall Street Journal,Stocks’ 11-Year Bull Run Is on the Verge of Ending,20200311193446,market close,http://web.archive.org/web/20200311193446/https://www.wsj.com/
Wall Street Journal,Stocks Plunge 10% In Dow’s Worst Day Since 1987,20200312202720,market close,http://web.archive.org/web/20200312202720/https://www.wsj.com/
Wall Street Journal,Stocks Jump as Trump Declares National Emergency,20200313202947,market close,http://web.archive.org/web/20200313202947/https://www.wsj.com/
Wall Street Journal,U.S. Expands Europe Travel Ban as Countries Seek to Halt Virus Spread,20200314200613,market close,http://web.archive.org/web/20200314200613/https://www.wsj.com/
Wall Street Journal,Top Health Official Urges Americans to Stay Home,20200315201405,market close,http://web.archive.org/web/20200315201405/https://www.wsj.com/
Wall Street Journal,"Dow Falls Nearly 3,000 Points as Virus Fears Spread",20200316201918,market close,http://web.archive.org/web/20200316201918/https://www.wsj.com/
Wall Street Journal,U.S. Seeks to Send Checks to Americans as Part of Stimulus,20200317201312,market close,http://web.archive.org/web/20200317201312/https://www.wsj.com/
Wall Street Journal,Stocks Sink Further After Another Trading Halt,20200318193434,market close,http://web.archive.org/web/20200318193434/https://www.wsj.com/
Wall Street Journal,"U.S. Coronavirus Cases Exceed 10,000",20200319195654,market close,http://web.archive.org/web/20200319195654/https://www.wsj.com/
Wall Street Journal,"New York, California Tighten Virus Restrictions",20200320195847,market close,http://web.archive.org/web/20200320195847/https://www.wsj.com/
Wall Street Journal,U.S. Coronavirus Cases Jump; FDA Approves Rapid Test,20200321200634,market close,http://web.archive.org/web/20200321200634/https://www.wsj.com/
Wall Street Journal,"Confirmed Global Coronavirus Cases Top 321,000",20200322195308,market close,http://web.archive.org/web/20200322195308/https://www.wsj.com/
Wall Street Journal,Stocks Decline Despite Fed’s Latest Stimulus Move,20200323201654,market close,http://web.archive.org/web/20200323201654/https://www.wsj.com/
Wall Street Journal,Dow and S&P 500 Climb as Stimulus Accord Nears,20200324201321,market close,http://web.archive.org/web/20200324201321/https://www.wsj.com/
Wall Street Journal,Stocks Keep Pushing Higher After Dow’s Best Day in 87 Years,20200325200013,market close,http://web.archive.org/web/20200325200013/https://www.wsj.com/
Wall Street Journal,Stocks Rise Despite Climb in Jobless,20200326195555,market close,http://web.archive.org/web/20200326195555/https://www.wsj.com/
Wall Street Journal,House Passes $2 Trillion Coronavirus Stimulus Package,20200327192709,market close,http://web.archive.org/web/20200327192709/https://www.wsj.com/
Wall Street Journal,"Trump Considers Quarantine in New York, New Jersey and Connecticut",20200328201057,market close,http://web.archive.org/web/20200328201057/https://www.wsj.com/
Wall Street Journal,"U.S. Virus Deaths Could Hit 200,000, Dr. Fauci Says",20200329195241,market close,http://web.archive.org/web/20200329195241/https://www.wsj.com/
Wall Street Journal,U.S. Extends Shutdowns as Virus Strains Hospitals,20200330200348,market close,http://web.archive.org/web/20200330200348/https://www.wsj.com/
Wall Street Journal,U.S. Braces for Surge in Patients as China Tally Is Questioned,20200331193210,market close,http://web.archive.org/web/20200331193210/https://www.wsj.com/
Wall Street Journal,Florida Issues Statewide Limits as U.S. Cases Mount,20200401200441,market close,http://web.archive.org/web/20200401200441/https://www.wsj.com/
Wall Street Journal,Jobless Claim Surge Shows Coronavirus Extending Its Grip,20200402195544,market close,http://web.archive.org/web/20200402195544/https://www.wsj.com/
Wall Street Journal,New York Records Its Largest One-Day Virus Death Toll,20200403200444,market close,http://web.archive.org/web/20200403200444/https://www.wsj.com/
Wall Street Journal,U.S. Death Toll Climbs as Global Cases Top 1.1 Million,20200404200522,market close,http://web.archive.org/web/20200404200522/https://www.wsj.com/
Wall Street Journal,U.S. Braces for Most Challenging Days Ahead in Pandemic,20200405205610,market close,http://web.archive.org/web/20200405205610/https://www.wsj.com/
Wall Street Journal,U.K. Prime Minister Boris Johnson Moved to Intensive Care,20200406213139,market close,http://web.archive.org/web/20200406213139/https://www.wsj.com/
Wall Street Journal,"Global Virus Deaths Pass 79,000 as N.Y. and N.J. Report Highest Daily Toll",20200407190722,market close,http://web.archive.org/web/20200407190722/https://www.wsj.com/
Wall Street Journal,"U.S. Passes 400,000 Infections of Virus",20200408203054,market close,http://web.archive.org/web/20200408203054/https://www.wsj.com/
Wall Street Journal,Economic Data Spur Debate Over Lifting Virus Restrictions,20200409201935,market close,http://web.archive.org/web/20200409201935/https://www.wsj.com/
Wall Street Journal,Snapshot missing (something happened),20200410200000,market close,N/A
Wall Street Journal,Snapshot missing (something happened),20200411200000,market close,N/A
Wall Street Journal,"U.S., Saudi Arabia, Russia Agree to Lead Oil Output Deal",20200412200045,market close,http://web.archive.org/web/20200412200045/https://www.wsj.com/
Wall Street Journal,Trump Says It’s Washington’s Call on When to Reopen,20200413203408,market close,http://web.archive.org/web/20200413203408/https://www.wsj.com/
Wall Street Journal,Big Banks’ Profits Sink as They Brace for Loan Defaults,20200414195837,market close,http://web.archive.org/web/20200414195837/https://www.wsj.com/
Wall Street Journal,Swaths of Economy Froze in March,20200415202222,market close,http://web.archive.org/web/20200415202222/https://www.wsj.com/
Wall Street Journal,Surge in Jobless Claims Shows Broad Labor-Market Shock,20200416194036,market close,http://web.archive.org/web/20200416194036/https://www.wsj.com/
Wall Street Journal,"Global Virus Deaths Top 150,000; Texas Sets Reopening",20200417195823,market close,http://web.archive.org/web/20200417195823/https://www.wsj.com/
Wall Street Journal,U.S. Buys Pricey Masks From Unproven Vendors,20200418195115,market close,http://web.archive.org/web/20200418195115/https://www.wsj.com/
Wall Street Journal,"Mnuchin, Democrats Say They’re Close on Small-Business Deal",20200419195705,market close,http://web.archive.org/web/20200419195705/https://www.wsj.com/
Wall Street Journal,Oil Costs Less Than Zero Now After Monday’s Skid but More Than $30 This Fall,20200420201137,market close,http://web.archive.org/web/20200420201137/https://www.wsj.com/
Wall Street Journal,"Oil-Price Crash Deepens, Weighs on Global Markets",20200421195640,market close,http://web.archive.org/web/20200421195640/https://www.wsj.com/
Wall Street Journal,First Virus Deaths in U.S. Came Earlier Than Thought,20200422201327,market close,http://web.archive.org/web/20200422201327/https://www.wsj.com/
Wall Street Journal,Global Economy Hit by Record Collapse of Business Activity,20200423192117,market close,http://web.archive.org/web/20200423192117/https://www.wsj.com/
Wall Street Journal,"U.S. Virus Death Toll Surpasses 50,000",20200424201042,market close,http://web.archive.org/web/20200424201042/https://www.wsj.com/
Wall Street Journal,Millions of Credit-Card Customers Skip Their Payments,20200425200602,market close,http://web.archive.org/web/20200425200602/https://www.wsj.com/
Wall Street Journal,U.S. Debates How Quickly It Can Reopen,20200426195756,market close,http://web.archive.org/web/20200426195756/https://www.wsj.com/
Wall Street Journal,Some States Ease Lockdowns as Global Cases Top 3 Million,20200427194456,market close,http://web.archive.org/web/20200427194456/https://www.wsj.com/
Wall Street Journal,Virus Cases in U.S. Surpass One Million as Lockdowns Ease,20200428200232,market close,http://web.archive.org/web/20200428200232/https://www.wsj.com/
Wall Street Journal,Fed Vows Aggressive Action as Economic Distress Worsens,20200429193958,market close,http://web.archive.org/web/20200429193958/https://www.wsj.com/
Wall Street Journal,States Struggle to Keep Up With Jobless Claims Surge,20200430200756,market close,http://web.archive.org/web/20200430200756/https://www.wsj.com/
Wall Street Journal,America Looks to Reopen From Virus but Differs on How,20200501200025,market close,http://web.archive.org/web/20200501200025/https://www.wsj.com/
Wall Street Journal,Maryland Cancels Big Coronavirus-Mask Order,20200502200030,market close,http://web.archive.org/web/20200502200030/https://www.wsj.com/
Wall Street Journal,Stocks Keep Rallying Despite Obscured Economic Outlook,20200503193008,market close,http://web.archive.org/web/20200503193008/https://www.wsj.com/
Wall Street Journal,Florida Begins Reopening After Virus Lockdown,20200504200109,market close,http://web.archive.org/web/20200504200109/https://www.wsj.com/
Wall Street Journal,New York Offers Hopeful Signs Amid New Virus Warnings,20200505195609,market close,http://web.archive.org/web/20200505195609/https://www.wsj.com/
Wall Street Journal,"U.S. Virus Cases Top 1.2 Million, as Trump Refocuses Task Force",20200506200002,market close,http://web.archive.org/web/20200506200002/https://www.wsj.com/
Wall Street Journal,Claims Data Point to Record Wave of Unemployment,20200507195047,market close,http://web.archive.org/web/20200507195047/https://www.wsj.com/
Wall Street Journal,April Job Losses Erase Decade of Gains,20200508195156,market close,http://web.archive.org/web/20200508195156/https://www.wsj.com/
Wall Street Journal,U.S. States Move to Expand Coronavirus Testing Capabilities,20200509202206,market close,http://web.archive.org/web/20200509202206/https://www.wsj.com/
Wall Street Journal,Some Doctors Pull Back on Ventilators,20200510193754,market close,http://web.archive.org/web/20200510193754/https://www.wsj.com/
Wall Street Journal,Economists Expect Recovery Will Be More of a ‘Swoosh’ Than V-Shaped,20200511195838,market close,http://web.archive.org/web/20200511195838/https://www.wsj.com/
Wall Street Journal,"Fauci, Other Top Health Officials Urge More Testing Before Easing Lockdowns",20200512200800,market close,http://web.archive.org/web/20200512200800/https://www.wsj.com/
Wall Street Journal,Stocks Fall as Fed’s Powell Says Outlook ‘Highly Uncertain’,20200513194933,market close,http://web.archive.org/web/20200513194933/https://www.wsj.com/
Wall Street Journal,Virus Disruptions Fuel 2-Month Wave of Jobless Filings,20200514195955,market close,http://web.archive.org/web/20200514195955/https://www.wsj.com/
Wall Street Journal,"Virus Drives Rapid Declines in Factory Output, Retail Sales",20200515202354,market close,http://web.archive.org/web/20200515202354/https://www.wsj.com/
Wall Street Journal,Trump Considering Restoring Some WHO Funding,20200516195518,market close,http://web.archive.org/web/20200516195518/https://www.wsj.com/
Wall Street Journal,Vaccine Front-Runners Emerge,20200517200459,market close,http://web.archive.org/web/20200517200459/https://www.wsj.com/
Wall Street Journal,U.S. Stocks Rally as Hopes for New Virus Vaccine Build,20200518195552,market close,http://web.archive.org/web/20200518195552/https://www.wsj.com/
Wall Street Journal,Walmart Sales Surge as Coronavirus Fuels Stockpiling of Goods,20200519200150,market close,http://web.archive.org/web/20200519200150/https://www.wsj.com/
Wall Street Journal,"U.S. Arrests Former Green Beret, Son Tied to Ghosn’s Escape From Japan",20200520195707,market close,http://web.archive.org/web/20200520195707/https://www.wsj.com/
Wall Street Journal,Senators to Propose Sanctioning Chinese Officials Over Hong Kong Security Law,20200521195954,market close,http://web.archive.org/web/20200521195954/https://www.wsj.com/
Wall Street Journal,Trump Says CDC Will Deem Places of Worship ‘Essential’,20200522200716,market close,http://web.archive.org/web/20200522200716/https://www.wsj.com/
Wall Street Journal,Virus Cases Rise as U.S. Marks Memorial Day Weekend,20200523200455,market close,http://web.archive.org/web/20200523200455/https://www.wsj.com/
Wall Street Journal,"U.S. Marks Holiday Weekend as Virus Deaths Near 100,000",20200524195645,market close,http://web.archive.org/web/20200524195645/https://www.wsj.com/
Wall Street Journal,"For Economy, Worst of Virus Shutdowns Might Be Over",20200525200012,market close,http://web.archive.org/web/20200525200012/https://www.wsj.com/
Wall Street Journal,Stocks Finish Higher on Optimism Over Reopening,20200526200543,market close,http://web.archive.org/web/20200526200543/https://www.wsj.com/
Wall Street Journal,EU Plans $2 Trillion Coronavirus Response Effort,20200527200307,market close,http://web.archive.org/web/20200527200307/https://www.wsj.com/
Wall Street Journal,Trump Plans to Sign Order Targeting Social Media,20200528194526,market close,http://web.archive.org/web/20200528194526/https://www.wsj.com/
Wall Street Journal,Officer Charged With Murder in George Floyd’s Death,20200529200852,market close,http://web.archive.org/web/20200529200852/https://www.wsj.com/
Wall Street Journal,Snapshot missing (something happened),20200530200000,market close,N/A
Wall Street Journal,Cities Look to Restore Order After Nights of Riots,20200531195424,market close,http://web.archive.org/web/20200531195424/https://www.wsj.com/
Wall Street Journal,Trump Pushes Governors to Use Law Enforcement to ‘Dominate’ at Protests,20200601195716,market close,http://web.archive.org/web/20200601195716/https://www.wsj.com/
Wall Street Journal,Cities Tighten Curfews as Protests Spread Across U.S.,20200602195311,market close,http://web.archive.org/web/20200602195311/https://www.wsj.com/
Wall Street Journal,Protesters Regroup After Unrest Eases Across Country,20200603195338,market close,http://web.archive.org/web/20200603195338/https://www.wsj.com/
Wall Street Journal,Protesters Gather to Memorialize George Floyd,20200604201250,market close,http://web.archive.org/web/20200604201250/https://www.wsj.com/
Wall Street Journal,"Jobless-Rate Drop, Payroll Gains Signal a Mending Economy",20200605200637,market close,http://web.archive.org/web/20200605200637/https://www.wsj.com/
Wall Street Journal,Protests in D.C. and Nationwide Seek Police Reforms,20200606194535,market close,http://web.archive.org/web/20200606194535/https://www.wsj.com/
Wall Street Journal,Protests Resume Amid Continued Calls for Change,20200607200729,market close,http://web.archive.org/web/20200607200729/https://www.wsj.com/
Wall Street Journal,Democrats Seek Policing Overhaul Amid Wide Protests,20200608195916,market close,http://web.archive.org/web/20200608195916/https://www.wsj.com/
Wall Street Journal,George Floyd Remembered at Houston Funeral,20200609201141,market close,http://web.archive.org/web/20200609201141/https://www.wsj.com/
Wall Street Journal,Fed Officials Project No Rate Increases Through 2022,20200610194259,market close,http://web.archive.org/web/20200610194259/https://www.wsj.com/
Wall Street Journal,Stocks Fall Sharply Over Virus Worries,20200611195704,market close,http://web.archive.org/web/20200611195704/https://www.wsj.com/
Wall Street Journal,Snapshot missing (something happened),20200612200000,market close,N/A
Wall Street Journal,Police-Reform Protesters Seek to Keep Momentum,20200613201747,market close,http://web.archive.org/web/20200613201747/https://www.wsj.com/
Wall Street Journal,Atlanta Police Shooting Sparks New Outrage,20200614200043,market close,http://web.archive.org/web/20200614200043/https://www.wsj.com/
Wall Street Journal,"Civil-Rights Law Protects LGBT Workers, Court Rules",20200615195422,market close,http://web.archive.org/web/20200615195422/https://www.wsj.com/
Wall Street Journal,Retail Spending Rebounded as States Eased Lockdowns,20200616201829,market close,http://web.archive.org/web/20200616201829/https://www.wsj.com/
Wall Street Journal,Bolton: Scandal of Trump’s China Policy,20200617200605,market close,http://web.archive.org/web/20200617200605/https://www.wsj.com/
Wall Street Journal,Trump’s Bid to End DACA Blocked by Supreme Court,20200618195816,market close,http://web.archive.org/web/20200618195816/https://www.wsj.com/
Wall Street Journal,Apple Closes Stores in Four States as Virus Cases Rise,20200619195724,market close,http://web.archive.org/web/20200619195724/https://www.wsj.com/
Wall Street Journal,Snapshot missing (something happened),20200620200000,market close,N/A
Wall Street Journal,Barr Scrutinized Over Firing of U.S. Attorney,20200621200217,market close,http://web.archive.org/web/20200621200217/https://www.wsj.com/
Wall Street Journal,"Barr, Berman at Odds Over Letter Criticizing de Blasio",20200622195131,market close,http://web.archive.org/web/20200622195131/https://www.wsj.com/
Wall Street Journal,Stocks End Higher on Signs of Positive Economic Data,20200623202715,market close,http://web.archive.org/web/20200623202715/https://www.wsj.com/
Wall Street Journal,Coronavirus Cases Are Accelerating Across U.S.,20200624201734,market close,http://web.archive.org/web/20200624201734/https://www.wsj.com/
Wall Street Journal,"Texas Reopening on Hold; Millions More in U.S. May Have Had Virus, CDC Says",20200625200136,market close,http://web.archive.org/web/20200625200136/https://www.wsj.com/
Wall Street Journal,Texas Rolls Back Reopening as U.S. Virus Cases Soar,20200626200207,market close,http://web.archive.org/web/20200626200207/https://www.wsj.com/
Wall Street Journal,U.S. Coronavirus Cases Hit Another Daily Record,20200627195449,market close,http://web.archive.org/web/20200627195449/https://www.wsj.com/
Wall Street Journal,Global Coronavirus Cases Pass 10 Million,20200628202148,market close,http://web.archive.org/web/20200628202148/https://www.wsj.com/
Wall Street Journal,Supreme Court Overturns Louisiana Abortion Law,20200629194054,market close,http://web.archive.org/web/20200629194054/https://www.wsj.com/
Wall Street Journal,"Fauci Warns of Potential 100,000 Virus Cases a Day",20200630195954,market close,http://web.archive.org/web/20200630195954/https://www.wsj.com/
Wall Street Journal,Hong Kong Police Quickly Enforce New Security Law,20200701200019,market close,http://web.archive.org/web/20200701200019/https://www.wsj.com/
Wall Street Journal,"Jobs Growth Picks Up, but Virus Spike Could Slow Recovery",20200702200412,market close,http://web.archive.org/web/20200702200412/https://www.wsj.com/
Wall Street Journal,Wirecard’s No. 2 Was Key to the Firm’s Rapid Rise. Then He Disappeared.,20200703201128,market close,http://web.archive.org/web/20200703201128/https://www.wsj.com/
Wall Street Journal,Celebrations Are Subdued as U.S. Virus Cases Rise,20200704194855,market close,http://web.archive.org/web/20200704194855/https://www.wsj.com/
Wall Street Journal,Virus Researchers Compete to Enroll Vaccine Test Subjects,20200705195232,market close,http://web.archive.org/web/20200705195232/https://www.wsj.com/
Wall Street Journal,"U.S. Stocks Rise, Following Surge in Chinese Markets",20200706201939,market close,http://web.archive.org/web/20200706201939/https://www.wsj.com/
Wall Street Journal,"TikTok Maker Seeks to Strike Balance on China, U.S. Tensions",20200707193706,market close,http://web.archive.org/web/20200707193706/https://www.wsj.com/
Wall Street Journal,United Warns It May Cut Almost Half Its U.S. Workforce,20200708195544,market close,http://web.archive.org/web/20200708195544/https://www.wsj.com/
Wall Street Journal,Supreme Court Paves Way for Prosecutor to View Trump Taxes,20200709201725,market close,http://web.archive.org/web/20200709201725/https://www.wsj.com/
Wall Street Journal,Amazon Employees Required to Delete TikTok From Devices,20200710194523,market close,http://web.archive.org/web/20200710194523/https://www.wsj.com/
Wall Street Journal,Covid-19 Cases Jump in Sun Belt Nursing Homes,20200711195424,market close,http://web.archive.org/web/20200711195424/https://www.wsj.com/
Wall Street Journal,"Florida Reports Record 15,299 New Coronavirus Cases",20200712201200,market close,http://web.archive.org/web/20200712201200/https://www.wsj.com/
Wall Street Journal,California Pulls Back on Reopening Amid Surge in Virus Cases,20200713210528,market close,http://web.archive.org/web/20200713210528/https://www.wsj.com/
Wall Street Journal,Banks Get Ready for Wave of Coronavirus Loan Defaults,20200714201344,market close,http://web.archive.org/web/20200714201344/https://www.wsj.com/
Wall Street Journal,Goldman’s Traders Keep Profit Steady While Rivals Falter,20200715200459,market close,http://web.archive.org/web/20200715200459/https://www.wsj.com/
Wall Street Journal,30-Year Mortgage Rate Reaches Lowest Level Ever: 2.98%,20200716200538,market close,http://web.archive.org/web/20200716200538/https://www.wsj.com/
Wall Street Journal,Jobs Recovery Shows Signs of Slowing as Coronavirus Surges,20200717193014,market close,http://web.archive.org/web/20200717193014/https://www.wsj.com/
Wall Street Journal,Disney Slashed Ad Spending on Facebook Amid Growing Boycott,20200718200553,market close,http://web.archive.org/web/20200718200553/https://www.wsj.com/
Wall Street Journal,U.S. Companies Lose Hope for Quick Rebound From Covid,20200719195659,market close,http://web.archive.org/web/20200719195659/https://www.wsj.com/
Wall Street Journal,"Jack Ma’s Ant Group Plans Massive IPO, Bypassing the West",20200720195619,market close,http://web.archive.org/web/20200720195619/https://www.wsj.com/
Wall Street Journal,EU’s $2 Trillion Spending Plan Offers Lifeline to the South,20200721200109,market close,http://web.archive.org/web/20200721200109/https://www.wsj.com/
Wall Street Journal,"Pfizer, BioNTech Get Covid-19 Vaccine Order From U.S.",20200722195443,market close,http://web.archive.org/web/20200722195443/https://www.wsj.com/
Wall Street Journal,Jobless Claims Rise as Virus Resurgence Interrupts Recovery,20200723194904,market close,http://web.archive.org/web/20200723194904/https://www.wsj.com/
Wall Street Journal,Snapshot missing (something happened),20200724200000,market close,N/A
Wall Street Journal,Wells Fargo Tightens Purse Strings to Ride Out Pandemic,20200725194540,market close,http://web.archive.org/web/20200725194540/https://www.wsj.com/
Wall Street Journal,Republicans to Release Opening Bid on Stimulus After Weekend Talks,20200726202015,market close,http://web.archive.org/web/20200726202015/https://www.wsj.com/
Wall Street Journal,Google Employees to Work From Home Until Summer 2021,20200727200536,market close,http://web.archive.org/web/20200727200536/https://www.wsj.com/
Wall Street Journal,Snapshot missing (something happened),20200728200000,market close,N/A
Wall Street Journal,Big Tech’s Power Comes Under Fire at Hearing,20200729195043,market close,http://web.archive.org/web/20200729195043/https://www.wsj.com/
Wall Street Journal,Earnings of Big Tech Companies to Show How Businesses Are Faring in Pandemic,20200730195949,market close,http://web.archive.org/web/20200730195949/https://www.wsj.com/
Wall Street Journal,Snapshot missing (something happened),20200731200000,market close,N/A
Wall Street Journal,"Microsoft Nears Deal With TikTok, as U.S. Weighs Ban on App",20200801195444,market close,http://web.archive.org/web/20200801195444/https://www.wsj.com/
Wall Street Journal,"GOP, Democrats Remain at Odds Over $600 Jobless Benefit",20200802195834,market close,http://web.archive.org/web/20200802195834/https://www.wsj.com/
Wall Street Journal,Trump Says U.S. Should Get Slice of TikTok Sale Price,20200803195606,market close,http://web.archive.org/web/20200803195606/https://www.wsj.com/
Wall Street Journal,"SEC Probing Kodak Loan Disclosure, Stock Surge",20200804200718,market close,http://web.archive.org/web/20200804200718/https://www.wsj.com/
Wall Street Journal,Beirut Probe Focuses on Why Tons of Explosives Were Stored at Port,20200805195658,market close,http://web.archive.org/web/20200805195658/https://www.wsj.com/
Wall Street Journal,Weekly Jobless Claims Decline to Lowest Since March,20200806203127,market close,http://web.archive.org/web/20200806203127/https://www.wsj.com/
Wall Street Journal,U.S. Boosts Pressure on China Web Giants With WeChat Order,20200807200211,market close,http://web.archive.org/web/20200807200211/https://www.wsj.com/
Wall Street Journal,Berkshire Hathaway Profit Jumps as Market Rebound Boosts Results,20200808200048,market close,http://web.archive.org/web/20200808200048/https://www.wsj.com/
Wall Street Journal,"Amazon, Mall Owner Look at Turning Anchor Spaces Into Fulfillment Centers",20200809195415,market close,http://web.archive.org/web/20200809195415/https://www.wsj.com/
Wall Street Journal,"Lebanon Prime Minister, Cabinet Resign After Protests",20200810194658,market close,http://web.archive.org/web/20200810194658/https://www.wsj.com/
Wall Street Journal,Airbnb Plans to File Confidentially for IPO in August,20200811193754,market close,http://web.archive.org/web/20200811193754/https://www.wsj.com/
Wall Street Journal,Biden-Harris Ticket to Make Debut After Historic Vice Presidential Choice,20200812195836,market close,http://web.archive.org/web/20200812195836/https://www.wsj.com/
Wall Street Journal,"Israel, U.A.E. Agree to Establish Formal Diplomatic Ties",20200813200638,market close,http://web.archive.org/web/20200813200638/https://www.wsj.com/
Wall Street Journal,U.S. Probes Former NASA Official’s Contacts With Boeing Executive,20200814195859,market close,http://web.archive.org/web/20200814195859/https://www.wsj.com/
Wall Street Journal,Trump Sets Deadline for TikTok Sale,20200815201030,market close,http://web.archive.org/web/20200815201030/https://www.wsj.com/
Wall Street Journal,"Biden Leads Trump, 50% to 41%, in Poll Before Conventions",20200816200807,market close,http://web.archive.org/web/20200816200807/https://www.wsj.com/
Wall Street Journal,U.S. Further Limits Huawei’s Access to Key Components,20200817200500,market close,http://web.archive.org/web/20200817200500/https://www.wsj.com/
Wall Street Journal,U.S. Postal Service to Suspend Changes Until After Election,20200818194924,market close,http://web.archive.org/web/20200818194924/https://www.wsj.com/
Wall Street Journal,Apple’s Market Value Surges to $2 Trillion,20200819195928,market close,http://web.archive.org/web/20200819195928/https://www.wsj.com/
Wall Street Journal,Snapshot missing (something happened),20200820200000,market close,N/A
Wall Street Journal,U.S. Existing-Home Sales Surged 24.7% in July on Low Rates,20200821194622,market close,http://web.archive.org/web/20200821194622/https://www.wsj.com/
Wall Street Journal,Covid-19 Pay Cuts Coming to an End at Some Companies,20200822201320,market close,http://web.archive.org/web/20200822201320/https://www.wsj.com/
Wall Street Journal,FDA to Authorize Convalescent Plasma for Covid-19 Use,20200823195534,market close,http://web.archive.org/web/20200823195534/https://www.wsj.com/
Wall Street Journal,TikTok Files Suit Challenging U.S. Ban,20200824194552,market close,http://web.archive.org/web/20200824194552/https://www.wsj.com/
Wall Street Journal,"American Airlines to Cut 19,000 Jobs",20200825200758,market close,http://web.archive.org/web/20200825200758/https://www.wsj.com/
Wall Street Journal,Facebook Says Apple iPhone Update Will Disrupt Advertising,20200826195217,market close,http://web.archive.org/web/20200826195217/https://www.wsj.com/
Wall Street Journal,Fed Shift on Inflation to Usher in Longer Era of Low Rates,20200827195218,market close,http://web.archive.org/web/20200827195218/https://www.wsj.com/
Wall Street Journal,Consumer Spending Growth Slows as Aid Measures Languish,20200828194242,market close,http://web.archive.org/web/20200828194242/https://www.wsj.com/
Wall Street Journal,New Wave of Layoffs Makes Pandemic Job Losses Permanent,20200829201441,market close,http://web.archive.org/web/20200829201441/https://www.wsj.com/
Wall Street Journal,United Ends Domestic Change Fees,20200830200148,market close,http://web.archive.org/web/20200830200148/https://www.wsj.com/
Wall Street Journal,U.S. Stocks Post Biggest Monthly Gain Since April,20200831201425,market close,http://web.archive.org/web/20200831201425/https://www.wsj.com/
Wall Street Journal,Black Ex-Franchise Owners Sue McDonald’s Alleging Discrimination,20200901200909,market close,http://web.archive.org/web/20200901200909/https://www.wsj.com/
Wall Street Journal,S&P 500 Extends Rally After Notching Fresh Record,20200902200510,market close,http://web.archive.org/web/20200902200510/https://www.wsj.com/
Wall Street Journal,U.S. Stock Indexes Fall Sharply as Tech Shares Sell Off,20200903200313,market close,http://web.archive.org/web/20200903200313/https://www.wsj.com/
Wall Street Journal,SoftBank’s Bet on Tech Giants Fueled Summer Stock Rally,20200904194259,market close,http://web.archive.org/web/20200904194259/https://www.wsj.com/
Wall Street Journal,"Vaccine Developers Prepare Joint Pledge on Safety, Standards",20200905200652,market close,http://web.archive.org/web/20200905200652/https://www.wsj.com/
Wall Street Journal,"Companies Recruit 350,000 Poll Workers for Election",20200906195721,market close,http://web.archive.org/web/20200906195721/https://www.wsj.com/
Wall Street Journal,Snapshot missing (something happened),20200907200000,market close,N/A
Wall Street Journal,Snapshot missing (something happened),20200908200000,market close,N/A
Wall Street Journal,"TikTok Owner, U.S. Examine Options to Sidestep a Full Sale",20200909200656,market close,http://web.archive.org/web/20200909200656/https://www.wsj.com/
Wall Street Journal,Citi’s Fraser to Be First Woman CEO of Big Wall Street Bank,20200910200012,market close,http://web.archive.org/web/20200910200012/https://www.wsj.com/
Wall Street Journal,Stocks Swing in Volatile Day as Tech Shares Roil Market,20200911201436,market close,http://web.archive.org/web/20200911201436/https://www.wsj.com/
Wall Street Journal,SoftBank Nears $40 Billion Deal to Sell Arm Holdings,20200912200315,market close,http://web.archive.org/web/20200912200315/https://www.wsj.com/
Wall Street Journal,The Wildly Popular Trades Behind the Market’s Swoon and Surge,20200913195549,market close,http://web.archive.org/web/20200913195549/https://www.wsj.com/
Wall Street Journal,Oracle-TikTok Deal to Undergo U.S. National Security Review,20200914195204,market close,http://web.archive.org/web/20200914195204/https://www.wsj.com/
Wall Street Journal,DOJ Begins Criminal Investigation Over John Bolton Book,20200915194116,market close,http://web.archive.org/web/20200915194116/https://www.wsj.com/
Wall Street Journal,Fed Signals Interest Rates to Stay Near Zero Through ​2023,20200916200444,market close,http://web.archive.org/web/20200916200444/https://www.wsj.com/
Wall Street Journal,"Oracle, Walmart Aim for Significant Stake in TikTok",20200917195853,market close,http://web.archive.org/web/20200917195853/https://www.wsj.com/
Wall Street Journal,"White House Bans Chinese Apps, Citing Security Concerns",20200918195219,market close,http://web.archive.org/web/20200918195219/https://www.wsj.com/
Wall Street Journal,Trump Urges Quick Action on Ginsburg Vacancy,20200919200423,market close,http://web.archive.org/web/20200919200423/https://www.wsj.com/
Wall Street Journal,Trump Says He Will Nominate a Woman to Supreme Court This Week,20200920195813,market close,http://web.archive.org/web/20200920195813/https://www.wsj.com/
Wall Street Journal,"Stocks Extend Fall as Dow, S&P Skid",20200921200122,market close,http://web.archive.org/web/20200921200122/https://www.wsj.com/
Wall Street Journal,Romney Agrees to Move Ahead With Trump’s Court Pick,20200922201404,market close,http://web.archive.org/web/20200922201404/https://www.wsj.com/
Wall Street Journal,Commemorations Honor Ruth Bader Ginsburg,20200923201827,market close,http://web.archive.org/web/20200923201827/https://www.wsj.com/
Wall Street Journal,High Jobless Claims Suggest Slowing in Labor’s Recovery,20200924195631,market close,http://web.archive.org/web/20200924195631/https://www.wsj.com/
Wall Street Journal,Ruth Bader Ginsburg Lies in State in the U.S. Capitol,20200925195823,market close,http://web.archive.org/web/20200925195823/https://www.wsj.com/
Wall Street Journal,Trump to Announce Amy Coney Barrett as Supreme Court Nominee,20200926194426,market close,http://web.archive.org/web/20200926194426/https://www.wsj.com/
Wall Street Journal,What Amy Coney Barrett Could Mean for the Future of the Supreme Court,20200927194834,market close,http://web.archive.org/web/20200927194834/https://www.wsj.com/
Wall Street Journal,Snapshot missing (something happened),20200928200000,market close,N/A
Wall Street Journal,JPMorgan Paying $920 Million to Resolve Probes,20200929193609,market close,http://web.archive.org/web/20200929193609/https://www.wsj.com/
Wall Street Journal,Stocks Finish Second Straight Quarter of Big Gains,20200930200723,market close,http://web.archive.org/web/20200930200723/https://www.wsj.com/
Wall Street Journal,Decline in Household Income Poses Hurdle for U.S. Rebound,20201001195908,market close,http://web.archive.org/web/20201001195908/https://www.wsj.com/
Wall Street Journal,"President Trump, First Lady Test Positive for Covid-19",20201002195911,market close,http://web.archive.org/web/20201002195911/https://www.wsj.com/
Wall Street Journal,White House Gives Mixed Signals on Trump’s Health,20201003195142,market close,http://web.archive.org/web/20201003195142/https://www.wsj.com/
Wall Street Journal,"Trump Could Be Out of Hospital Monday, Doctors Say",20201004195853,market close,http://web.archive.org/web/20201004195853/https://www.wsj.com/
Wall Street Journal,Snapshot missing (something happened),20201005200000,market close,N/A
Wall Street Journal,"Trump Plans to Attend Debate, Plays Down Virus",20201006200259,market close,http://web.archive.org/web/20201006200259/https://www.wsj.com/
Wall Street Journal,Trump Pushes for Some Covid-19 Aid After Halting Talks,20201007200633,market close,http://web.archive.org/web/20201007200633/https://www.wsj.com/
Wall Street Journal,Trump Says He Won’t Participate in Virtual Debate,20201008195948,market close,http://web.archive.org/web/20201008195948/https://www.wsj.com/
Wall Street Journal,White House Draws Up New $1.8 Trillion Virus Relief Proposal,20201009200219,market close,http://web.archive.org/web/20201009200219/https://www.wsj.com/
Wall Street Journal,Snapshot missing (something happened),20201010200000,market close,N/A
Wall Street Journal,Investors Are Betting Corporate Earnings Have Turned a Corner,20201011201222,market close,http://web.archive.org/web/20201011201222/https://www.wsj.com/
Wall Street Journal,Battle Lines Drawn in Barrett Confirmation Hearings,20201012202754,market close,http://web.archive.org/web/20201012202754/https://www.wsj.com/
Wall Street Journal,Amy Coney Barrett Faces Questions From Lawmakers,20201013194130,market close,http://web.archive.org/web/20201013194130/https://www.wsj.com/
Wall Street Journal,Barrett Faces Final Day of Questioning by Senators,20201014194329,market close,http://web.archive.org/web/20201014194329/https://www.wsj.com/
Wall Street Journal,A Demoralized CDC Grapples With White House Meddling and Its Own Mistakes,20201015200128,market close,http://web.archive.org/web/20201015200128/https://www.wsj.com/
Wall Street Journal,U.S. Budget Gap Tripled to a Record in Last Fiscal Year,20201016195142,market close,http://web.archive.org/web/20201016195142/https://www.wsj.com/
Wall Street Journal,China Warns It May Detain Americans,20201017200330,market close,http://web.archive.org/web/20201017200330/https://www.wsj.com/
Wall Street Journal,Credit Scores Rise Amid Recession,20201018200956,market close,http://web.archive.org/web/20201018200956/https://www.wsj.com/
Wall Street Journal,Stocks Fall Amid Skepticism Over Stimulus Talks,20201019195834,market close,http://web.archive.org/web/20201019195834/https://www.wsj.com/
Wall Street Journal,Google’s Search Deals With Apple at Heart of Lawsuit,20201020194909,market close,http://web.archive.org/web/20201020194909/https://www.wsj.com/
Wall Street Journal,Purdue Pharma Reaches $8.34 Billion Settlement Over Opioid Probes,20201021200646,market close,http://web.archive.org/web/20201021200646/https://www.wsj.com/
Wall Street Journal,"Goldman to Recoup, Cut Executives’ Pay After 1MDB Fines",20201022195811,market close,http://web.archive.org/web/20201022195811/https://www.wsj.com/
Wall Street Journal,Stocks Snap Three-Week Winning Streak,20201023201212,market close,http://web.archive.org/web/20201023201212/https://www.wsj.com/
Wall Street Journal,Snapshot missing (something happened),20201024200000,market close,N/A
Wall Street Journal,Snapshot missing (something happened),20201025200000,market close,N/A
Wall Street Journal,"Stocks Slide on Virus Rise, Fading Stimulus Hopes",20201026193132,market close,http://web.archive.org/web/20201026193132/https://www.wsj.com/
Wall Street Journal,AMD Agrees to Buy Rival Chip Maker Xilinx for $35 Billion,20201027193654,market close,http://web.archive.org/web/20201027193654/https://www.wsj.com/
Wall Street Journal,Stocks Selloff Deepens on Coronavirus Concerns,20201028200134,market close,http://web.archive.org/web/20201028200134/https://www.wsj.com/
Wall Street Journal,Big Tech Companies Report Results,20201029201105,market close,http://web.archive.org/web/20201029201105/https://www.wsj.com/
Wall Street Journal,Dow on Track to Wrap Up Worst Month Since March,20201030200153,market close,http://web.archive.org/web/20201030200153/https://www.wsj.com/
Wall Street Journal,England Set for Limited Lockdown to Slow Coronavirus,20201031200130,market close,http://web.archive.org/web/20201031200130/https://www.wsj.com/
Wall Street Journal,Trump Trails Biden by 10 Points in National Poll,20201101193957,market close,http://web.archive.org/web/20201101193957/https://www.wsj.com/
Wall Street Journal,"Trump, Biden Hit Trail on Final Day of Campaigning",20201102195444,market close,http://web.archive.org/web/20201102195444/https://www.wsj.com/
Wall Street Journal,Americans Cast Final Votes as Campaign Winds Down,20201103200418,market close,http://web.archive.org/web/20201103200418/https://www.wsj.com/
Wall Street Journal,Battleground Vote Count Heats Up as Trump Contests Polling,20201104195311,market close,http://web.archive.org/web/20201104195311/https://www.wsj.com/
Wall Street Journal,Election Comes Down to a Few States as Vote Counting Continues,20201105195527,market close,http://web.archive.org/web/20201105195527/https://www.wsj.com/
Wall Street Journal,Biden Holds Edge as Vote Count Continues Into Fourth Day,20201106200213,market close,http://web.archive.org/web/20201106200213/https://www.wsj.com/
Wall Street Journal,Joe Biden Is Elected the 46th U.S. President,20201107200011,market close,http://web.archive.org/web/20201107200011/https://www.wsj.com/
Wall Street Journal,Biden Charts Course for New Administration,20201108195748,market close,http://web.archive.org/web/20201108195748/https://www.wsj.com/
Wall Street Journal,Snapshot missing (something happened),20201109200000,market close,N/A
Wall Street Journal,"Biden, Trump Teams in Standoff Over Transition",20201110195304,market close,http://web.archive.org/web/20201110195304/https://www.wsj.com/
Wall Street Journal,Georgia to Recount All Presidential Votes by Hand,20201111195935,market close,http://web.archive.org/web/20201111195935/https://www.wsj.com/
Wall Street Journal,States Set New Measures as Covid-19 Cases Surge,20201112201146,market close,http://web.archive.org/web/20201112201146/https://www.wsj.com/
Wall Street Journal,Snapshot missing (something happened),20201113200000,market close,N/A
Wall Street Journal,"Parler, Backed by Mercer Family, Makes Play for Conservatives",20201114195138,market close,http://web.archive.org/web/20201114195138/https://www.wsj.com/
Wall Street Journal,Snapshot missing (something happened),20201115200000,market close,N/A
Wall Street Journal,"Moderna’s Covid-19 Vaccine Is 94.5% Effective in Early Results, Firm Says",20201116195513,market close,http://web.archive.org/web/20201116195513/https://www.wsj.com/
Wall Street Journal,Retail Sales Climb for a Sixth Month but at a Slower Pace,20201117195315,market close,http://web.archive.org/web/20201117195315/https://www.wsj.com/
Wall Street Journal,"Pfizer Says Vaccine 95% Effective, Will Seek Authorization",20201118195544,market close,http://web.archive.org/web/20201118195544/https://www.wsj.com/
Wall Street Journal,Snapshot missing (something happened),20201119200000,market close,N/A
Wall Street Journal,"Pfizer, BioNTech Ask FDA to Authorize Their Covid-19 Vaccine",20201120195816,market close,http://web.archive.org/web/20201120195816/https://www.wsj.com/
Wall Street Journal,Student Loan Losses Seen Exceeding $400 Billion,20201121195915,market close,http://web.archive.org/web/20201121195915/https://www.wsj.com/
Wall Street Journal,Trump Continues to Challenge Election As Options Dwindle,20201122195400,market close,http://web.archive.org/web/20201122195400/https://www.wsj.com/
Wall Street Journal,AstraZeneca-Oxford Vaccine Up to 90% Effective in Trials,20201123194155,market close,http://web.archive.org/web/20201123194155/https://www.wsj.com/
Wall Street Journal,Snapshot missing (something happened),20201124200000,market close,N/A
Wall Street Journal,Salesforce Is in Talks to Acquire Slack Technologies,20201125195501,market close,http://web.archive.org/web/20201125195501/https://www.wsj.com/
Wall Street Journal,Supreme Court Bars New York’s Covid-19 Restrictions on Religious Services,20201126200128,market close,http://web.archive.org/web/20201126200128/https://www.wsj.com/
Wall Street Journal,"S&P 500, Nasdaq End Week at Records",20201127194327,market close,http://web.archive.org/web/20201127194327/https://www.wsj.com/
Wall Street Journal,Former Zappos CEO Dies at 46 After Fire,20201128201454,market close,http://web.archive.org/web/20201128201454/https://www.wsj.com/
Wall Street Journal,Tesla’s S&P Debut Is Set to Put $100 Billion in Motion,20201129202324,market close,http://web.archive.org/web/20201129202324/https://www.wsj.com/
Wall Street Journal,Moderna to Ask FDA to Authorize Vaccine,20201130195201,market close,http://web.archive.org/web/20201130195201/https://www.wsj.com/
Wall Street Journal,"Pfizer, Moderna Ask Europe for Approval of Covid-19 Vaccines",20201201194624,market close,http://web.archive.org/web/20201201194624/https://www.wsj.com/
Wall Street Journal,U.K. Becomes First Country to Approve Pfizer Covid Vaccine,20201202195825,market close,http://web.archive.org/web/20201202195825/https://www.wsj.com/
Wall Street Journal,Snapshot missing (something happened),20201203200000,market close,N/A
Wall Street Journal,Job Growth Slows as Coronavirus-Related Restrictions Rise,20201204195940,market close,http://web.archive.org/web/20201204195940/https://www.wsj.com
Wall Street Journal,Report Warns U.S. Covid-19 Deaths Could Double,20201205200039,market close,http://web.archive.org/web/20201205200039/https://www.wsj.com
Wall Street Journal,Snapshot missing (something happened),20201206200000,market close,N/A
Wall Street Journal,Hospitals Race to Assess Who Gets Virus Vaccine First,20201207195223,market close,http://web.archive.org/web/20201207195223/https://www.wsj.com/
Wall Street Journal,U.K. Begins Rollout of Pfizer’s Vaccine,20201208194517,market close,http://web.archive.org/web/20201208194517/https://www.wsj.com/
Wall Street Journal,"Facebook Hit With Antitrust Lawsuit by FTC, State Attorneys General",20201209195759,market close,http://web.archive.org/web/20201209195759/https://www.wsj.com/
Wall Street Journal,FDA Advisory Panel Expected to Approve Pfizer Virus Vaccine,20201210200218,market close,http://web.archive.org/web/20201210200218/https://www.wsj.com/
Wall Street Journal,FDA Advances Toward Authorizing Covid-19 Vaccine,20201211200001,market close,http://web.archive.org/web/20201211200001/https://www.wsj.com
Wall Street Journal,Pfizer Prepares Vaccines for Shipment Around U.S.,20201212195923,market close,http://web.archive.org/web/20201212195923/https://www.wsj.com/
Wall Street Journal,Pfizer Begins Shipping Covid-19 Vaccine,20201213195953,market close,http://web.archive.org/web/20201213195953/https://www.wsj.com/
Wall Street Journal,First Covid Vaccines Given to U.S. Public,20201214195954,market close,http://web.archive.org/web/20201214195954/https://www.wsj.com/
Wall Street Journal,FDA Finds Moderna Covid-19 Vaccine Highly Effective,20201215195928,market close,http://web.archive.org/web/20201215195928/https://www.wsj.com/
Wall Street Journal,States Sue Google Over Its Digital Ad Practices,20201216200714,market close,http://web.archive.org/web/20201216200714/https://www.wsj.com/
Wall Street Journal,Google Faces New Antitrust Suit Over Search Dominance,20201217200155,market close,http://web.archive.org/web/20201217200155/https://www.wsj.com/
Wall Street Journal,Pence Gets Vaccine Amid Immunization Campaign,20201218195559,market close,http://web.archive.org/web/20201218195559/https://www.wsj.com/
Wall Street Journal,Senate Leaders Urge Compromise on Virus Relief Deal,20201219195208,market close,http://web.archive.org/web/20201219195208/https://www.wsj.com/
Wall Street Journal,Congress Pushes to Approve Relief Bill,20201220200208,market close,http://web.archive.org/web/20201220200208/https://www.wsj.com/
Wall Street Journal,Snapshot missing (something happened),20201221200000,market close,N/A
Wall Street Journal,"U.S. Sues Walmart, Alleging Role in Fueling Opioid Crisis",20201222195927,market close,http://web.archive.org/web/20201222195927/https://www.wsj.com/
Wall Street Journal,Covid-19 Relief in Limbo After Trump’s Surprise Demand,20201223195808,market close,http://web.archive.org/web/20201223195808/https://www.wsj.com/
Wall Street Journal,"U.K., EU Reach Historic Trade Deal, Capping Brexit Saga",20201224200011,market close,http://web.archive.org/web/20201224200011/https://www.wsj.com/
Wall Street Journal,U.S. to Require U.K. Passengers to Show Negative Covid Tests,20201225195924,market close,http://web.archive.org/web/20201225195924/https://www.wsj.com/
Wall Street Journal,Millions Set to Lose Jobless Benefits,20201226195550,market close,http://web.archive.org/web/20201226195550/https://www.wsj.com/
Wall Street Journal,Congress Braces for Showdown With Trump Over Aid Bill,20201227201504,market close,http://web.archive.org/web/20201227201504/https://www.wsj.com/
Wall Street Journal,"House Set to Vote on $2,000 Checks and Vetoed Defense Bill",20201228195645,market close,http://web.archive.org/web/20201228195645/https://www.wsj.com/
Wall Street Journal,Boeing’s 737 MAX Returns to U.S. Commercial Service,20201229195747,market close,http://web.archive.org/web/20201229195747/https://www.wsj.com/
Wall Street Journal,U.K. Authorizes AstraZeneca-Oxford Covid-19 Vaccine,20201230200047,market close,http://web.archive.org/web/20201230200047/https://www.wsj.com/
Wall Street Journal,"Stocks’ Stellar Year Defied Virus, Economic Slump",20201231200439,market close,http://web.archive.org/web/20201231200439/https://www.wsj.com/
Wall Street Journal,U.S. Vaccine Rollout Falls Behind Goals,20210101200216,market close,http://web.archive.org/web/20210101200216/https://www.wsj.com/
Wall Street Journal,Elon Musk Steers Tesla to Record Deliveries,20210102195122,market close,http://web.archive.org/web/20210102195122/https://www.wsj.com/
Wall Street Journal,Investors Bet the ‘Everything Rally’ Will Continue,20210103193707,market close,http://web.archive.org/web/20210103193707/https://www.wsj.com/
Wall Street Journal,U.S. Stocks Slide in Broad Selling to Start New Year,20210104200958,market close,http://web.archive.org/web/20210104200958/https://www.wsj.com
Wall Street Journal,Georgia Votes in Runoff to Determine Senate Control,20210105194542,market close,http://web.archive.org/web/20210105194542/https://www.wsj.com/
Wall Street Journal,Protesters Force Way Into Capitol; Proceedings Halted,20210106202707,market close,http://web.archive.org/web/20210106202707/https://www.wsj.com
Wall Street Journal,"After Capitol Riot, Resignations and Calls for Trump’s Removal",20210107194027,market close,http://web.archive.org/web/20210107194027/https://www.wsj.com/
Wall Street Journal,Democrats Intensify Calls to Remove Trump After Capitol Riot,20210108192550,market close,http://web.archive.org/web/20210108192550/https://www.wsj.com/
Wall Street Journal,House Democrats Prepare to Impeach President Again,20210109202257,market close,http://web.archive.org/web/20210109202257/https://www.wsj.com/
Wall Street Journal,House Prepares for Trump Impeachment Vote This Week,20210110195820,market close,http://web.archive.org/web/20210110195820/https://www.wsj.com/
Wall Street Journal,House Democrats Begin Efforts Seeking to Remove Trump,20210111200054,market close,http://web.archive.org/web/20210111200054/https://www.wsj.com/
Wall Street Journal,"Republicans Weigh Trump Censure, Impeachment",20210112200816,market close,http://web.archive.org/web/20210112200816/https://www.wsj.com/
Wall Street Journal,House Moves Closer to Impeaching Trump for Second Time,20210113200238,market close,http://web.archive.org/web/20210113200238/https://www.wsj.com/
Wall Street Journal,"Senate to Juggle Trump Impeachment Trial, Biden Agenda",20210114194758,market close,http://web.archive.org/web/20210114194758/https://www.wsj.com/
Wall Street Journal,CDC Says U.K. Virus Strain May Become Dominant in U.S.,20210115195221,market close,http://web.archive.org/web/20210115195221/https://www.wsj.com/
Wall Street Journal,"Fiat Chrysler, PSA Group Merge",20210116194426,market close,http://web.archive.org/web/20210116194426/https://www.wsj.com/
Wall Street Journal,"After Stock Surge, Investors Ask What’s Next for Companies",20210117202324,market close,http://web.archive.org/web/20210117202324/https://www.wsj.com/
Wall Street Journal,China Still Grew as Covid-19 Shook the Global Economy,20210118200714,market close,http://web.archive.org/web/20210118200714/https://www.wsj.com/
Wall Street Journal,Snapshot missing (something happened),20210119200000,market close,N/A
Wall Street Journal,Biden Takes Office as 46th President With a Call for Unity,20210120200338,market close,http://web.archive.org/web/20210120200338/https://www.wsj.com/
Wall Street Journal,Biden’s Agenda Faces Early Hurdles With a Divided Senate,20210121201312,market close,http://web.archive.org/web/20210121201312/https://www.wsj.com/
Wall Street Journal,Impeachment Article Against Trump to Be Delivered on Monday,20210122200157,market close,http://web.archive.org/web/20210122200157/https://www.wsj.com/
Wall Street Journal,Wall Street’s Euphoria for Blank-Check Firms Grows,20210123200648,market close,http://web.archive.org/web/20210123200648/https://www.wsj.com/
Wall Street Journal,China Overtakes U.S. as No. 1 Spot for New Foreign Investment,20210124200953,market close,http://web.archive.org/web/20210124200953/https://www.wsj.com/
Wall Street Journal,DOJ Watchdog Probes Whether Officials Tried to Overturn Election,20210125195941,market close,http://web.archive.org/web/20210125195941/https://www.wsj.com/
Wall Street Journal,"Biden to Halt New Oil, Gas Leasing on Federal Land",20210126200006,market close,http://web.archive.org/web/20210126200006/https://www.wsj.com/
Wall Street Journal,"Small Investors Lift AMC, GameStop to New Heights",20210127195807,market close,http://web.archive.org/web/20210127195807/https://www.wsj.com/
Wall Street Journal,GameStop Shares Fall as Some Brokers Curb Trades,20210128200011,market close,http://web.archive.org/web/20210128200011/https://www.wsj.com/
Wall Street Journal,"GameStop, AMC Shares Soar as Robinhood Loosens Curbs",20210129195421,market close,http://web.archive.org/web/20210129195421/https://www.wsj.com/
Wall Street Journal,Snapshot missing (something happened),20210130200000,market close,N/A
Wall Street Journal,"Melvin Capital Lost 53% in January, Hurt by GameStop, Others",20210131195906,market close,http://web.archive.org/web/20210131195906/https://www.wsj.com/
Wall Street Journal,Snapshot missing (something happened),20210201200000,market close,N/A
Wall Street Journal,Snapshot missing (something happened),20210202200000,market close,N/A
Wall Street Journal,Snapshot missing (something happened),20210203200000,market close,N/A
Wall Street Journal,Snapshot missing (something happened),20210204200000,market close,N/A
Wall Street Journal,Snapshot missing (something happened),20210205200000,market close,N/A
Wall Street Journal,Pandemic Makes Big Tech Even Bigger,20210206194526,market close,http://web.archive.org/web/20210206194526/https://www.wsj.com/
Wall Street Journal,Snapshot missing (something happened),20210207200000,market close,N/A
Wall Street Journal,Tesla Invests $1.5 Billion in Bitcoin,20210208200958,market close,http://web.archive.org/web/20210208200958/https://www.wsj.com/
Wall Street Journal,Snapshot missing (something happened),20210209200000,market close,N/A
Wall Street Journal,Snapshot missing (something happened),20210210200000,market close,N/A
Wall Street Journal,Democrats Say Rioters Acted at Trump’s Direction,20210211195711,market close,http://web.archive.org/web/20210211195711/https://www.wsj.com/
Wall Street Journal,Snapshot missing (something happened),20210212200000,market close,N/A
Wall Street Journal,Snapshot missing (something happened),20210213200000,market close,N/A
Wall Street Journal,Snapshot missing (something happened),20210214200000,market close,N/A
Wall Street Journal,Debt Binge Reaches Riskiest Companies,20210215195147,market close,http://web.archive.org/web/20210215195147/https://www.wsj.com/
Wall Street Journal,Snapshot missing (something happened),20210216200000,market close,N/A
Wall Street Journal,Snapshot missing (something happened),20210217200000,market close,N/A
Wall Street Journal,"Robinhood, Citadel Face Scrutiny at House Hearing",20210218200629,market close,http://web.archive.org/web/20210218200629/https://www.wsj.com/
Wall Street Journal,Snapshot missing (something happened),20210219200000,market close,N/A
Wall Street Journal,Snapshot missing (something happened),20210220200000,market close,N/A
Wall Street Journal,Blue-Collar Jobs Boom in Pandemic,20210221200429,market close,http://web.archive.org/web/20210221200429/https://www.wsj.com/
Wall Street Journal,U.K. Vaccination Rollout Data Shows Drop in Infections,20210222200339,market close,http://web.archive.org/web/20210222200339/https://www.wsj.com/
Wall Street Journal,Snapshot missing (something happened),20210223200000,market close,N/A
Wall Street Journal,Stocks Climb After Powell Testimony,20210224195426,market close,http://web.archive.org/web/20210224195426/https://www.wsj.com/
Wall Street Journal,Snapshot missing (something happened),20210225200000,market close,N/A
Wall Street Journal,"Saudi Crown Prince Approved Plot That Killed Khashoggi, U.S. Report Says",20210226200309,market close,http://web.archive.org/web/20210226200309/https://www.wsj.com/
Wall Street Journal,Snapshot missing (something happened),20210227200000,market close,N/A
Wall Street Journal,Iran Rejects Offer of Direct U.S. Nuclear Talks,20210228200107,market close,http://web.archive.org/web/20210228200107/https://www.wsj.com/
Wall Street Journal,Snapshot missing (something happened),20210301200000,market close,N/A
Wall Street Journal,Snapshot missing (something happened),20210302200000,market close,N/A
Wall Street Journal,Google to Stop Using Individual Browsing History to Sell Ads,20210303200341,market close,http://web.archive.org/web/20210303200341/https://www.wsj.com/
Wall Street Journal,Snapshot missing (something happened),20210304200000,market close,N/A
Wall Street Journal,Snapshot missing (something happened),20210305200000,market close,N/A
Wall Street Journal,Snapshot missing (something happened),20210306200000,market close,N/A
Wall Street Journal,"Russians Mount Campaign Against Vaccines, U.S. Says",20210307195852,market close,http://web.archive.org/web/20210307195852/https://www.wsj.com/
Wall Street Journal,Snapshot missing (something happened),20210308200000,market close,N/A
Wall Street Journal,Stocks Rise as Tech Shares Rebound,20210309195956,market close,http://web.archive.org/web/20210309195956/https://www.wsj.com/
Wall Street Journal,House Sends $1.9 Trillion Covid Relief Package to Biden,20210310195328,market close,http://web.archive.org/web/20210310195328/https://www.wsj.com/
Wall Street Journal,Biden Signs Covid-19 Relief Bill Into Law,20210311194138,market close,http://web.archive.org/web/20210311194138/https://www.wsj.com/
Wall Street Journal,Snapshot missing (something happened),20210312200000,market close,N/A
Wall Street Journal,Xiaomi Wins Court Ruling Halting U.S. Investment Ban,20210313200556,market close,http://web.archive.org/web/20210313200556/https://www.wsj.com/
Wall Street Journal,Snapshot missing (something happened),20210314200000,market close,N/A
Wall Street Journal,Snapshot missing (something happened),20210315200000,market close,N/A
Wall Street Journal,Snapshot missing (something happened),20210316200000,market close,N/A
Wall Street Journal,Fed Holds Steady on Interest Rates and Bond Purchases,20210317194611,market close,http://web.archive.org/web/20210317194611/https://www.wsj.com/
Wall Street Journal,Snapshot missing (something happened),20210318200000,market close,N/A
Wall Street Journal,Snapshot missing (something happened),20210319200000,market close,N/A
Wall Street Journal,Snapshot missing (something happened),20210320200000,market close,N/A
Wall Street Journal,Covid-19 Vaccine Manufacturing in U.S. Races Ahead,20210321195917,market close,http://web.archive.org/web/20210321195917/https://www.wsj.com/
Wall Street Journal,Snapshot missing (something happened),20210322200000,market close,N/A
Wall Street Journal,Snapshot missing (something happened),20210323200000,market close,N/A
Wall Street Journal,Snapshot missing (something happened),20210324200000,market close,N/A
Wall Street Journal,"Biden Presses for Change to Filibuster, Doubles Covid-Vaccine Goal",20210325200636,market close,http://web.archive.org/web/20210325200636/https://www.wsj.com/
Wall Street Journal,Snapshot missing (something happened),20210326200000,market close,N/A
Wall Street Journal,Hopes Fade for Quickly Freeing Ship From Suez Canal,20210327200408,market close,http://web.archive.org/web/20210327200408/https://www.wsj.com/
Wall Street Journal,Suez Canal Crisis Sends Shipping Lines Scrambling,20210328193345,market close,http://web.archive.org/web/20210328193345/https://www.wsj.com/
Wall Street Journal,Snapshot missing (something happened),20210329200000,market close,N/A
Wall Street Journal,Snapshot missing (something happened),20210330200000,market close,N/A
Wall Street Journal,Snapshot missing (something happened),20210331200000,market close,N/A
Wall Street Journal,Factories Scramble to Meet Demand as Recovery Accelerates,20210401195255,market close,http://web.archive.org/web/20210401195255/https://www.wsj.com/
Wall Street Journal,"Suspect, Officer Dead After Crash Near Capitol",20210402194122,market close,http://web.archive.org/web/20210402194122/https://www.wsj.com/
Wall Street Journal,Snapshot missing (something happened),20210403200000,market close,N/A
Wall Street Journal,Individual Investors Retreat After Winter of Frenetic Trading,20210404201322,market close,http://web.archive.org/web/20210404201322/https://www.wsj.com/
Wall Street Journal,Yellen Calls for Global Minimum Corporate Tax Rate,20210405200326,market close,http://web.archive.org/web/20210405200326/https://www.wsj.com/
Wall Street Journal,Credit Suisse Takes $4.7 Billion Hit on Archegos Meltdown,20210406200504,market close,http://web.archive.org/web/20210406200504/https://www.wsj.com/
Wall Street Journal,Biden Softens Tax Plan for Highly Profitable Businesses,20210407201106,market close,http://web.archive.org/web/20210407201106/https://www.wsj.com/
Wall Street Journal,Snapshot missing (something happened),20210408200000,market close,N/A
Wall Street Journal,Amazon Workers in Alabama Vote Against Unionizing,20210409204649,market close,http://web.archive.org/web/20210409204649/https://www.wsj.com/
Wall Street Journal,Snapshot missing (something happened),20210410200000,market close,N/A
Wall Street Journal,Snapshot missing (something happened),20210411200000,market close,N/A
Wall Street Journal,Microsoft Deepens Health-Tech Push With Nuance Deal,20210412200352,market close,http://web.archive.org/web/20210412200352/https://www.wsj.com/
Wall Street Journal,U.S. Seeks to Pause J&J Shot After Rare Blood-Clot Cases,20210413195536,market close,http://web.archive.org/web/20210413195536/https://www.wsj.com/
Wall Street Journal,Coinbase Fetches $100 Billion Value in Trading Debut,20210414200227,market close,http://web.archive.org/web/20210414200227/https://www.wsj.com/
Wall Street Journal,Snapshot missing (something happened),20210415200000,market close,N/A
Wall Street Journal,SPAC Hot Streak Put on Ice by Regulatory Warnings,20210416195406,market close,http://web.archive.org/web/20210416195406/https://www.wsj.com/
Wall Street Journal,Snapshot missing (something happened),20210417200000,market close,N/A
Wall Street Journal,Snapshot missing (something happened),20210418200000,market close,N/A
Wall Street Journal,U.S. Weighs Cuts in Cigarette Nicotine to Nonaddictive Levels,20210419195356,market close,http://web.archive.org/web/20210419195356/https://www.wsj.com/
Wall Street Journal,Snapshot missing (something happened),20210420200000,market close,N/A
Wall Street Journal,Snapshot missing (something happened),20210421200000,market close,N/A
Wall Street Journal,Snapshot missing (something happened),20210422200000,market close,N/A
Wall Street Journal,"Stocks Rise, but Decline for the Week",20210423202843,market close,http://web.archive.org/web/20210423202843/https://www.wsj.com/
Wall Street Journal,Snapshot missing (something happened),20210424200000,market close,N/A
Wall Street Journal,Snapshot missing (something happened),20210425200000,market close,N/A
Wall Street Journal,South and West Gain Political Power From Population Growth,20210426194458,market close,http://web.archive.org/web/20210426194458/https://www.wsj.com/
Wall Street Journal,CDC Eases Outdoor Mask Guidelines for Vaccinated People,20210427202352,market close,http://web.archive.org/web/20210427202352/https://www.wsj.com/
Wall Street Journal,"Biden to Propose $1.8 Trillion Families Plan, Tax Increases",20210428202134,market close,http://web.archive.org/web/20210428202134/https://www.wsj.com/
Wall Street Journal,Snapshot missing (something happened),20210429200000,market close,N/A
Wall Street Journal,Oil Giants Recover as Prices Rebound,20210430194257,market close,http://web.archive.org/web/20210430194257/https://www.wsj.com/
Wall Street Journal,Snapshot missing (something happened),20210501200000,market close,N/A
Wall Street Journal,Americans Can’t Get Enough of Stocks,20210502200917,market close,http://web.archive.org/web/20210502200917/https://www.wsj.com/
Wall Street Journal,Berkshire Says Abel Would Succeed Buffett in CEO Role,20210503195546,market close,http://web.archive.org/web/20210503195546/https://www.wsj.com/
Wall Street Journal,Snapshot missing (something happened),20210504200000,market close,N/A
Wall Street Journal,Facebook Panel Upholds Trump Ban but Orders Review,20210505195745,market close,http://web.archive.org/web/20210505195745/https://www.wsj.com/
Wall Street Journal,Snapshot missing (something happened),20210506200000,market close,N/A
Wall Street Journal,Hiring Slowdown Signals Possible Economic Speed Bumps,20210507195605,market close,http://web.archive.org/web/20210507195605/https://www.wsj.com/
Wall Street Journal,Key U.S. Energy Pipeline Closes After Cyberattack,20210508195034,market close,http://web.archive.org/web/20210508195034/https://www.wsj.com/
Wall Street Journal,Snapshot missing (something happened),20210509200000,market close,N/A
Wall Street Journal,FBI Suspects Crime Group in Hack of Colonial Pipeline,20210510195527,market close,http://web.archive.org/web/20210510195527/https://www.wsj.com/
Wall Street Journal,"Stocks Extend Fall, Dow Drops More Than 500 Points",20210511195508,market close,http://web.archive.org/web/20210511195508/https://www.wsj.com/
Wall Street Journal,Snapshot missing (something happened),20210512200000,market close,N/A
Wall Street Journal,"Fully Vaccinated People Can Go Without Masks in Most Settings, CDC Says",20210513195827,market close,http://web.archive.org/web/20210513195827/https://www.wsj.com/
Wall Street Journal,Hacking Group Tied to Pipeline Attack Is Closing Down,20210514194429,market close,http://web.archive.org/web/20210514194429/https://www.wsj.com/
Wall Street Journal,Snapshot missing (something happened),20210515200000,market close,N/A
Wall Street Journal,"AT&T, Discovery in Talks to Combine Media Assets",20210516200511,market close,http://web.archive.org/web/20210516200511/https://www.wsj.com/
Wall Street Journal,AT&T to Combine WarnerMedia Assets With Discovery,20210517194250,market close,http://web.archive.org/web/20210517194250/https://www.wsj.com/
Wall Street Journal,JPMorgan Taps CEO Contenders to Run Consumer Business,20210518200028,market close,http://web.archive.org/web/20210518200028/https://www.wsj.com/
Wall Street Journal,Snapshot missing (something happened),20210519200000,market close,N/A
Wall Street Journal,Bitcoin Bounces After Crypto Crash,20210520195249,market close,http://web.archive.org/web/20210520195249/https://www.wsj.com/
Wall Street Journal,Fragile Israel-Hamas Cease-Fire Holds Despite Jerusalem Clashes,20210521194303,market close,http://web.archive.org/web/20210521194303/https://www.wsj.com/
Wall Street Journal,U.S.-China Tech Fight Moves to New Front,20210522191742,market close,http://web.archive.org/web/20210522191742/https://www.wsj.com/
Wall Street Journal,Snapshot missing (something happened),20210523200000,market close,N/A
Wall Street Journal,Snapshot missing (something happened),20210524200000,market close,N/A
Wall Street Journal,Snapshot missing (something happened),20210525200000,market close,N/A
Wall Street Journal,Snapshot missing (something happened),20210526200000,market close,N/A
Wall Street Journal,Senate Republicans Unveil $928 Billion Infrastructure Offer,20210527203236,market close,http://web.archive.org/web/20210527203236/https://www.wsj.com/
Wall Street Journal,Biden Unveils $6 Trillion Federal Spending Blueprint,20210528202237,market close,http://web.archive.org/web/20210528202237/https://www.wsj.com/
Wall Street Journal,Snapshot missing (something happened),20210529200000,market close,N/A
Wall Street Journal,U.S. Manufacturers Blame Tariffs for Swelling Inflation,20210530210824,market close,http://web.archive.org/web/20210530210824/https://www.wsj.com/
Wall Street Journal,China to Ease Limit on Births to Refresh Aging Population,20210531193026,market close,http://web.archive.org/web/20210531193026/https://www.wsj.com/
Wall Street Journal,Oil Price Hits Two-Year High as OPEC Sees More Demand,20210601195656,market close,http://web.archive.org/web/20210601195656/https://www.wsj.com/
Wall Street Journal,The Economic Recovery Is Here and Without Parallel,20210602195155,market close,http://web.archive.org/web/20210602195155/https://www.wsj.com/
Wall Street Journal,Snapshot missing (something happened),20210603200000,market close,N/A
Wall Street Journal,Hiring Picked Up in May but Trailed Broader Recovery,20210604193235,market close,http://web.archive.org/web/20210604193235/https://www.wsj.com/
Wall Street Journal,G-7 Nations Agree on New Rules for Taxing Global Companies,20210605195743,market close,http://web.archive.org/web/20210605195743/https://www.wsj.com/
Wall Street Journal,GameStop’s True Believers Settle In for the Long Haul,20210606195511,market close,http://web.archive.org/web/20210606195511/https://www.wsj.com/
Wall Street Journal,FDA Approves First Alzheimer’s Drug in Nearly Two Decades,20210607195747,market close,http://web.archive.org/web/20210607195747/https://www.wsj.com/
Wall Street Journal,Snapshot missing (something happened),20210608200000,market close,N/A
Wall Street Journal,U.S. to Donate 500 Million Covid-19 Vaccine Doses,20210609200226,market close,http://web.archive.org/web/20210609200226/https://www.wsj.com/
Wall Street Journal,Covid-19 Deaths This Year Have Eclipsed 2020’s Toll,20210610200309,market close,http://web.archive.org/web/20210610200309/https://www.wsj.com/
Wall Street Journal,Snapshot missing (something happened),20210611200000,market close,N/A
Wall Street Journal,Biden Pushes G-7 to Criticize China Over Xinjiang Allegations,20210612192348,market close,http://web.archive.org/web/20210612192348/https://www.wsj.com/
Wall Street Journal,Israel Gets New Government to End Netanyahu’s Rule,20210613193736,market close,http://web.archive.org/web/20210613193736/https://www.wsj.com/
Wall Street Journal,"Vaccines Offer Protection Against Delta Variant, Studies Show",20210614192536,market close,http://web.archive.org/web/20210614192536/https://www.wsj.com/
Wall Street Journal,Snapshot missing (something happened),20210615200000,market close,N/A
Wall Street Journal,Fed Signals Earlier Interest-Rate Rise,20210616205005,market close,http://web.archive.org/web/20210616205005/https://www.wsj.com/
Wall Street Journal,Supreme Court Leaves Affordable Care Act Intact,20210617200118,market close,http://web.archive.org/web/20210617200118/https://www.wsj.com/
Wall Street Journal,Dow Posts Worst Week Since January,20210618202558,market close,http://web.archive.org/web/20210618202558/https://www.wsj.com/
Wall Street Journal,Snapshot missing (something happened),20210619200000,market close,N/A
Wall Street Journal,American Airlines Cuts Flights to Avoid Potential Strains,20210620190524,market close,http://web.archive.org/web/20210620190524/https://www.wsj.com/
Wall Street Journal,Snapshot missing (something happened),20210621200000,market close,N/A
